{
    "CANDIDATE": {
        "precision": 0.8406040268456376,
        "recall": 0.8363939899833055,
        "f1-score": 0.8384937238493724,
        "support": 599.0
    },
    "CONFIRMED": {
        "precision": 0.8870588235294118,
        "recall": 0.9051620648259304,
        "f1-score": 0.8960190136660725,
        "support": 833.0
    },
    "FALSE POSITIVE": {
        "precision": 0.9957835558678847,
        "recall": 0.9860821155184412,
        "f1-score": 0.9909090909090909,
        "support": 1437.0
    },
    "accuracy": 0.9313349599163472,
    "macro avg": {
        "precision": 0.9078154687476448,
        "recall": 0.909212723442559,
        "f1-score": 0.9084739428081785,
        "support": 2869.0
    },
    "weighted avg": {
        "precision": 0.9318169333784201,
        "recall": 0.9313349599163472,
        "f1-score": 0.9315364038361715,
        "support": 2869.0
    }
}