{
    "CANDIDATE": {
        "precision": 0.8559322033898306,
        "recall": 0.8430717863105175,
        "f1-score": 0.849453322119428,
        "support": 599.0
    },
    "CONFIRMED": {
        "precision": 0.8934426229508197,
        "recall": 0.9159663865546218,
        "f1-score": 0.9045643153526971,
        "support": 833.0
    },
    "FALSE POSITIVE": {
        "precision": 0.9950877192982456,
        "recall": 0.9867780097425192,
        "f1-score": 0.9909154437456325,
        "support": 1437.0
    },
    "accuracy": 0.936214708957825,
    "macro avg": {
        "precision": 0.9148208485462986,
        "recall": 0.9152720608692194,
        "f1-score": 0.9149776937392525,
        "support": 2869.0
    },
    "weighted avg": {
        "precision": 0.9365221845172952,
        "recall": 0.936214708957825,
        "f1-score": 0.9363088558036973,
        "support": 2869.0
    }
}