{
    "CANDIDATE": {
        "precision": 0.8492462311557789,
        "recall": 0.8464106844741235,
        "f1-score": 0.8478260869565217,
        "support": 599.0
    },
    "CONFIRMED": {
        "precision": 0.8959810874704491,
        "recall": 0.9099639855942377,
        "f1-score": 0.9029184038117928,
        "support": 833.0
    },
    "FALSE_POSITIVE": {
        "precision": 0.9943899018232819,
        "recall": 0.9867780097425192,
        "f1-score": 0.9905693328676214,
        "support": 1437.0
    },
    "accuracy": 0.9351690484489369,
    "macro avg": {
        "precision": 0.9132057401498366,
        "recall": 0.914384226603627,
        "f1-score": 0.9137712745453119,
        "support": 2869.0
    },
    "weighted avg": {
        "precision": 0.9355137773597949,
        "recall": 0.9351690484489369,
        "f1-score": 0.9353178765398926,
        "support": 2869.0
    }
}