{
    "CANDIDATE": {
        "precision": 0.863013698630137,
        "recall": 0.8414023372287145,
        "f1-score": 0.8520710059171597,
        "support": 599.0
    },
    "CONFIRMED": {
        "precision": 0.8917345750873108,
        "recall": 0.9195678271308524,
        "f1-score": 0.9054373522458629,
        "support": 833.0
    },
    "FALSE POSITIVE": {
        "precision": 0.9943899018232819,
        "recall": 0.9867780097425192,
        "f1-score": 0.9905693328676214,
        "support": 1437.0
    },
    "accuracy": 0.9369118159637504,
    "macro avg": {
        "precision": 0.91637939184691,
        "recall": 0.9159160580340288,
        "f1-score": 0.9160258970102145,
        "support": 2869.0
    },
    "weighted avg": {
        "precision": 0.9371552441433384,
        "recall": 0.9369118159637504,
        "f1-score": 0.9369355100369307,
        "support": 2869.0
    }
}