{
    "CANDIDATE": {
        "precision": 0.8169491525423729,
        "recall": 0.8046744574290484,
        "f1-score": 0.8107653490328007,
        "support": 599.0
    },
    "CONFIRMED": {
        "precision": 0.8649592549476135,
        "recall": 0.8919567827130852,
        "f1-score": 0.8782505910165485,
        "support": 833.0
    },
    "FALSE POSITIVE": {
        "precision": 0.9943661971830986,
        "recall": 0.9826026443980515,
        "f1-score": 0.9884494224711236,
        "support": 1437.0
    },
    "accuracy": 0.9191355873126525,
    "macro avg": {
        "precision": 0.8920915348910284,
        "recall": 0.893077961513395,
        "f1-score": 0.892488454173491,
        "support": 2869.0
    },
    "weighted avg": {
        "precision": 0.9197517696397198,
        "recall": 0.9191355873126525,
        "f1-score": 0.9193562239381098,
        "support": 2869.0
    }
}