{
    "CANDIDATE": {
        "precision": 0.8460236886632826,
        "recall": 0.8347245409015025,
        "f1-score": 0.8403361344537815,
        "support": 599.0
    },
    "CONFIRMED": {
        "precision": 0.889281507656066,
        "recall": 0.9063625450180072,
        "f1-score": 0.8977407847800238,
        "support": 833.0
    },
    "FALSE POSITIVE": {
        "precision": 0.9937018894331701,
        "recall": 0.988169798190675,
        "f1-score": 0.9909281228192603,
        "support": 1437.0
    },
    "accuracy": 0.9323806204252353,
    "macro avg": {
        "precision": 0.9096690285841729,
        "recall": 0.9097522947033948,
        "f1-score": 0.909668347351022,
        "support": 2869.0
    },
    "weighted avg": {
        "precision": 0.9325511678293045,
        "recall": 0.9323806204252353,
        "f1-score": 0.9324305091498264,
        "support": 2869.0
    }
}