{
    "CANDIDATE": {
        "precision": 0.8525423728813559,
        "recall": 0.8397328881469115,
        "f1-score": 0.8460891505466779,
        "support": 599.0
    },
    "CONFIRMED": {
        "precision": 0.8898007033997656,
        "recall": 0.9111644657863145,
        "f1-score": 0.9003558718861211,
        "support": 833.0
    },
    "FALSE POSITIVE": {
        "precision": 0.9943899018232819,
        "recall": 0.9867780097425192,
        "f1-score": 0.9905693328676214,
        "support": 1437.0
    },
    "accuracy": 0.9341233879400488,
    "macro avg": {
        "precision": 0.9122443260348011,
        "recall": 0.9125584545585816,
        "f1-score": 0.9123381184334735,
        "support": 2869.0
    },
    "weighted avg": {
        "precision": 0.9344075134918065,
        "recall": 0.9341233879400488,
        "f1-score": 0.9342112142869888,
        "support": 2869.0
    }
}