{
    "CANDIDATE": {
        "precision": 0.8548951048951049,
        "recall": 0.8163606010016694,
        "f1-score": 0.8351836037574722,
        "support": 599.0
    },
    "CONFIRMED": {
        "precision": 0.8777393310265282,
        "recall": 0.9135654261704682,
        "f1-score": 0.8952941176470588,
        "support": 833.0
    },
    "FALSE POSITIVE": {
        "precision": 0.990909090909091,
        "recall": 0.9860821155184412,
        "f1-score": 0.9884897104987792,
        "support": 1437.0
    },
    "accuracy": 0.9295921924015337,
    "macro avg": {
        "precision": 0.9078478422769081,
        "recall": 0.9053360475635263,
        "f1-score": 0.9063224773011034,
        "support": 2869.0
    },
    "weighted avg": {
        "precision": 0.9296533266690935,
        "recall": 0.9295921924015337,
        "f1-score": 0.9294230368203109,
        "support": 2869.0
    }
}