{
    "CANDIDATE": {
        "precision": 0.0,
        "recall": 0.0,
        "f1-score": 0.0,
        "support": 599.0
    },
    "CONFIRMED": {
        "precision": 0.0,
        "recall": 0.0,
        "f1-score": 0.0,
        "support": 833.0
    },
    "FALSE_POSITIVE": {
        "precision": 0.5008713837574068,
        "recall": 1.0,
        "f1-score": 0.6674407803065491,
        "support": 1437.0
    },
    "accuracy": 0.5008713837574068,
    "macro avg": {
        "precision": 0.1669571279191356,
        "recall": 0.3333333333333333,
        "f1-score": 0.22248026010218303,
        "support": 2869.0
    },
    "weighted avg": {
        "precision": 0.25087214306705946,
        "recall": 0.5008713837574068,
        "f1-score": 0.33430198720826454,
        "support": 2869.0
    }
}